Year,Month,URL,Note
1921,July,http://bea.gov/scb/pdf/1921/0721cont.pdf,
1921,August,http://bea.gov/scb/pdf/1921/0821cont.pdf,
1921,September,http://bea.gov/scb/pdf/1921/0921cont.pdf,
1921,October,http://bea.gov/scb/pdf/1921/1021cont.pdf,
1921,November,http://bea.gov/scb/pdf/1921/1121cont.pdf,
1921,December,http://bea.gov/scb/pdf/1921/1221cont.pdf,
1922,January,http://bea.gov/scb/pdf/1922/0122cont.pdf,
1922,March,http://bea.gov/scb/pdf/1922/0322cont.pdf,
1922,April,http://bea.gov/scb/pdf/1922/0422cont.pdf,
1922,May,http://bea.gov/scb/pdf/1922/0522cont.pdf,
1922,June,http://bea.gov/scb/pdf/1922/0622cont.pdf,
1922,July,http://bea.gov/scb/pdf/1922/0722cont.pdf,
1922,August,http://bea.gov/scb/pdf/1922/0822cont.pdf,
1922,September,http://bea.gov/scb/pdf/1922/0922cont.pdf,
1922,October,http://bea.gov/scb/pdf/1922/1022cont.pdf,
1922,November,http://bea.gov/scb/pdf/1922/1122cont.pdf,
1922,December,http://bea.gov/scb/pdf/1922/1222cont.pdf,
1923,January,http://bea.gov/scb/pdf/1923/0123cont.pdf,
1923,February,http://bea.gov/scb/pdf/1923/0223cont.pdf,
1923,March,http://bea.gov/scb/pdf/1923/0323cont.pdf,
1923,April,http://bea.gov/scb/pdf/1923/0423cont.pdf,
1923,May,http://bea.gov/scb/pdf/1923/0523cont.pdf,
1923,June,http://bea.gov/scb/pdf/1923/0623cont.pdf,
1923,July,http://bea.gov/scb/pdf/1923/0723cont.pdf,
1923,August,http://bea.gov/scb/pdf/1923/0823cont.pdf,
1923,September,http://bea.gov/scb/pdf/1923/0923cont.pdf,
1923,October,http://bea.gov/scb/pdf/1923/1023cont.pdf,
1923,November,http://bea.gov/scb/pdf/1923/1123cont.pdf,
1923,December,http://bea.gov/scb/pdf/1923/1223cont.pdf,
1924,January,http://bea.gov/scb/pdf/1924/0124cont.pdf,
1924,February,http://bea.gov/scb/pdf/1924/0224cont.pdf,
1924,March,http://bea.gov/scb/pdf/1924/0324cont.pdf,
1924,April,http://bea.gov/scb/pdf/1924/0424cont.pdf,
1924,May,http://bea.gov/scb/pdf/1924/0524cont.pdf,
1924,June,http://bea.gov/scb/pdf/1924/0624cont.pdf,
1924,July,http://bea.gov/scb/pdf/1924/0724cont.pdf,
1924,August,http://bea.gov/scb/pdf/1924/0824cont.pdf,
1924,September,http://bea.gov/scb/pdf/1924/0924cont.pdf,
1924,October,http://bea.gov/scb/pdf/1924/1024cont.pdf,
1924,November,http://bea.gov/scb/pdf/1924/1124cont.pdf,
1924,December,http://bea.gov/scb/pdf/1924/1224cont.pdf,
1925,January,http://bea.gov/scb/pdf/1925/0125cont.pdf,
1925,February,http://bea.gov/scb/pdf/1925/0225cont.pdf,
1925,March,http://bea.gov/scb/pdf/1925/0325cont.pdf,
1925,April,http://bea.gov/scb/pdf/1925/0425cont.pdf,
1925,May,http://bea.gov/scb/pdf/1925/0525cont.pdf,
1925,June,http://bea.gov/scb/pdf/1925/0625cont.pdf,
1925,July,http://bea.gov/scb/pdf/1925/0725cont.pdf,
1925,August,http://bea.gov/scb/pdf/1925/0825cont.pdf,
1925,September,http://bea.gov/scb/pdf/1925/0925cont.pdf,
1925,October,http://bea.gov/scb/pdf/1925/1025cont.pdf,
1925,November,http://bea.gov/scb/pdf/1925/1125cont.pdf,
1925,December,http://bea.gov/scb/pdf/1925/1225cont.pdf,
1926,January,http://bea.gov/scb/pdf/1926/0126cont.pdf,
1926,February,http://bea.gov/scb/pdf/1926/0226cont.pdf,
1926,March,http://bea.gov/scb/pdf/1926/0326cont.pdf,
1926,April,http://bea.gov/scb/pdf/1926/0426cont.pdf,
1926,May,http://bea.gov/scb/pdf/1926/0526cont.pdf,
1926,June,http://bea.gov/scb/pdf/1926/0626cont.pdf,
1926,July,http://bea.gov/scb/pdf/1926/0726cont.pdf,
1926,August,http://bea.gov/scb/pdf/1926/0826cont.pdf,
1926,September,http://bea.gov/scb/pdf/1926/0926cont.pdf,
1926,October,http://bea.gov/scb/pdf/1926/1026cont.pdf,
1926,November,http://bea.gov/scb/pdf/1926/1126cont.pdf,
1926,December,http://bea.gov/scb/pdf/1926/1226cont.pdf,
1927,January,http://bea.gov/scb/pdf/1927/0127cont.pdf,
1927,February,http://bea.gov/scb/pdf/1927/0227cont.pdf,
1927,March,http://bea.gov/scb/pdf/1927/0327cont.pdf,
1927,April,http://bea.gov/scb/pdf/1927/0427cont.pdf,
1927,May,http://bea.gov/scb/pdf/1927/0527cont.pdf,
1927,June,http://bea.gov/scb/pdf/1927/0627cont.pdf,
1927,July,http://bea.gov/scb/pdf/1927/0727cont.pdf,
1927,August,http://bea.gov/scb/pdf/1927/0827cont.pdf,
1927,September,http://bea.gov/scb/pdf/1927/0927cont.pdf,
1927,October,http://bea.gov/scb/pdf/1927/1027cont.pdf,
1927,November,http://bea.gov/scb/pdf/1927/1127cont.pdf,
1927,December,http://bea.gov/scb/pdf/1927/1227cont.pdf,
1928,January,http://bea.gov/scb/pdf/1928/0128cont.pdf,
1928,February,http://bea.gov/scb/pdf/1928/0228cont.pdf,
1928,March,http://bea.gov/scb/pdf/1928/0328cont.pdf,
1928,April,http://bea.gov/scb/pdf/1928/0428cont.pdf,
1928,May,http://bea.gov/scb/pdf/1928/0528cont.pdf,
1928,June,http://bea.gov/scb/pdf/1928/0628cont.pdf,
1928,July,http://bea.gov/scb/pdf/1928/0728cont.pdf,
1928,August,http://bea.gov/scb/pdf/1928/0828cont.pdf,
1928,September,http://bea.gov/scb/pdf/1928/0928cont.pdf,
1928,October,http://bea.gov/scb/pdf/1928/1028cont.pdf,
1928,November,http://bea.gov/scb/pdf/1928/1128cont.pdf,
1928,December,http://bea.gov/scb/pdf/1928/1228cont.pdf,
1929,January,http://bea.gov/scb/pdf/1929/0129cont.pdf,
1929,February,http://bea.gov/scb/pdf/1929/0229cont.pdf,
1929,March,http://bea.gov/scb/pdf/1929/0329cont.pdf,
1929,April,http://bea.gov/scb/pdf/1929/0429cont.pdf,
1929,May,http://bea.gov/scb/pdf/1929/0529cont.pdf,
1929,June,http://bea.gov/scb/pdf/1929/0629cont.pdf,
1929,July,http://bea.gov/scb/pdf/1929/0729cont.pdf,
1929,August,http://bea.gov/scb/pdf/1929/0829cont.pdf,
1929,September,http://bea.gov/scb/pdf/1929/0929cont.pdf,
1929,October,http://bea.gov/scb/pdf/1929/1029cont.pdf,
1929,November,http://bea.gov/scb/pdf/1929/1129cont.pdf,
1929,December,http://bea.gov/scb/pdf/1929/1229cont.pdf,
1930,January,http://bea.gov/scb/pdf/1930/0130cont.pdf,
1930,February,http://bea.gov/scb/pdf/1930/0230cont.pdf,
1930,March,http://bea.gov/scb/pdf/1930/0330cont.pdf,
1930,April,http://bea.gov/scb/pdf/1930/0430cont.pdf,
1930,May,http://bea.gov/scb/pdf/1930/0530cont.pdf,
1930,June,http://bea.gov/scb/pdf/1930/0630cont.pdf,
1930,July,http://bea.gov/scb/pdf/1930/0730cont.pdf,
1930,August,http://bea.gov/scb/pdf/1930/0830cont.pdf,
1930,September,http://bea.gov/scb/pdf/1930/0930cont.pdf,
1930,October,http://bea.gov/scb/pdf/1930/1030cont.pdf,
1930,November,http://bea.gov/scb/pdf/1930/1130cont.pdf,
1930,December,http://bea.gov/scb/pdf/1930/1230cont.pdf,
1931,January,http://bea.gov/scb/pdf/1931/0131cont.pdf,
1931,February,http://bea.gov/scb/pdf/1931/0231cont.pdf,
1931,March,http://bea.gov/scb/pdf/1931/0331cont.pdf,
1931,April,http://bea.gov/scb/pdf/1931/0431cont.pdf,
1931,May,http://bea.gov/scb/pdf/1931/0531cont.pdf,
1931,June,http://bea.gov/scb/pdf/1931/0631cont.pdf,
1931,July,http://bea.gov/scb/pdf/1931/0731cont.pdf,
1931,August,http://bea.gov/scb/pdf/1931/0831cont.pdf,
1931,September,http://bea.gov/scb/pdf/1931/0931cont.pdf,
1931,October,http://bea.gov/scb/pdf/1931/1031cont.pdf,
1931,November,http://bea.gov/scb/pdf/1931/1131cont.pdf,
1931,December,http://bea.gov/scb/pdf/1931/1231cont.pdf,
1932,January,http://bea.gov/scb/pdf/1932/0132cont.pdf,
1932,February,http://bea.gov/scb/pdf/1932/0232cont.pdf,
1932,March,http://bea.gov/scb/pdf/1932/0332cont.pdf,
1932,April,http://bea.gov/scb/pdf/1932/0432cont.pdf,
1932,May,http://bea.gov/scb/pdf/1932/0532cont.pdf,
1932,June,http://bea.gov/scb/pdf/1932/0632cont.pdf,
1932,July,http://bea.gov/scb/pdf/1932/0732cont.pdf,
1932,August,http://bea.gov/scb/pdf/1932/0832cont.pdf,
1932,September,http://bea.gov/scb/pdf/1932/0932cont.pdf,
1932,October,http://bea.gov/scb/pdf/1932/1032cont.pdf,
1932,November,http://bea.gov/scb/pdf/1932/1132cont.pdf,
1932,December,http://bea.gov/scb/pdf/1932/1232cont.pdf,
1933,January,http://bea.gov/scb/pdf/1933/0133cont.pdf,
1933,February,http://bea.gov/scb/pdf/1933/0233cont.pdf,
1933,March,http://bea.gov/scb/pdf/1933/0333cont.pdf,
1933,April,http://bea.gov/scb/pdf/1933/0433cont.pdf,
1933,May,http://bea.gov/scb/pdf/1933/0533cont.pdf,
1933,June,http://bea.gov/scb/pdf/1933/0633cont.pdf,
1933,July,http://bea.gov/scb/pdf/1933/0733cont.pdf,
1933,August,http://bea.gov/scb/pdf/1933/0833cont.pdf,
1933,September,http://bea.gov/scb/pdf/1933/0933cont.pdf,
1933,October,http://bea.gov/scb/pdf/1933/1033cont.pdf,
1933,November,http://bea.gov/scb/pdf/1933/1133cont.pdf,
1933,December,http://bea.gov/scb/pdf/1933/1233cont.pdf,
1934,January,http://bea.gov/scb/pdf/1934/0134cont.pdf,
1934,February,http://bea.gov/scb/pdf/1934/0234cont.pdf,
1934,March,http://bea.gov/scb/pdf/1934/0334cont.pdf,
1934,April,http://bea.gov/scb/pdf/1934/0434cont.pdf,
1934,May,http://bea.gov/scb/pdf/1934/0534cont.pdf,
1934,June,http://bea.gov/scb/pdf/1934/0634cont.pdf,
1934,July,http://bea.gov/scb/pdf/1934/0734cont.pdf,
1934,August,http://bea.gov/scb/pdf/1934/0834cont.pdf,
1934,September,http://bea.gov/scb/pdf/1934/0934cont.pdf,
1934,October,http://bea.gov/scb/pdf/1934/1034cont.pdf,
1934,November,http://bea.gov/scb/pdf/1934/1134cont.pdf,
1934,December,http://bea.gov/scb/pdf/1934/1234cont.pdf,
1935,January,http://bea.gov/scb/pdf/1935/0135cont.pdf,
1935,February,http://bea.gov/scb/pdf/1935/0235cont.pdf,
1935,March,http://bea.gov/scb/pdf/1935/0335cont.pdf,
1935,April,http://bea.gov/scb/pdf/1935/0435cont.pdf,
1935,May,http://bea.gov/scb/pdf/1935/0535cont.pdf,
1935,June,http://bea.gov/scb/pdf/1935/0635cont.pdf,
1935,July,http://bea.gov/scb/pdf/1935/0735cont.pdf,
1935,August,http://bea.gov/scb/pdf/1935/0835cont.pdf,
1935,September,http://bea.gov/scb/pdf/1935/0935cont.pdf,
1935,October,http://bea.gov/scb/pdf/1935/1035cont.pdf,
1935,November,http://bea.gov/scb/pdf/1935/1135cont.pdf,
1935,December,http://bea.gov/scb/pdf/1935/1235cont.pdf,
1936,January,http://bea.gov/scb/pdf/1936/0136cont.pdf,
1936,February,http://bea.gov/scb/pdf/1936/0236cont.pdf,
1936,March,http://bea.gov/scb/pdf/1936/0336cont.pdf,
1936,April,http://bea.gov/scb/pdf/1936/0436cont.pdf,
1936,May,http://bea.gov/scb/pdf/1936/0536cont.pdf,
1936,June,http://bea.gov/scb/pdf/1936/0636cont.pdf,
1936,July,http://bea.gov/scb/pdf/1936/0736cont.pdf,
1936,August,http://bea.gov/scb/pdf/1936/0836cont.pdf,
1936,September,http://bea.gov/scb/pdf/1936/0936cont.pdf,
1936,October,http://bea.gov/scb/pdf/1936/1036cont.pdf,
1936,November,http://bea.gov/scb/pdf/1936/1136cont.pdf,
1936,December,http://bea.gov/scb/pdf/1936/1236cont.pdf,
1937,January,http://bea.gov/scb/pdf/1937/0137cont.pdf,
1937,February,http://bea.gov/scb/pdf/1937/0237cont.pdf,
1937,March,http://bea.gov/scb/pdf/1937/0337cont.pdf,
1937,April,http://bea.gov/scb/pdf/1937/0437cont.pdf,
1937,May,http://bea.gov/scb/pdf/1937/0537cont.pdf,
1937,June,http://bea.gov/scb/pdf/1937/0637cont.pdf,
1937,July,http://bea.gov/scb/pdf/1937/0737cont.pdf,
1937,August,http://bea.gov/scb/pdf/1937/0837cont.pdf,
1937,September,http://bea.gov/scb/pdf/1937/0937cont.pdf,
1937,October,http://bea.gov/scb/pdf/1937/1037cont.pdf,
1937,November,http://bea.gov/scb/pdf/1937/1137cont.pdf,
1937,December,http://bea.gov/scb/pdf/1937/1237cont.pdf,
1938,January,http://bea.gov/scb/pdf/1938/0138cont.pdf,
1938,February,http://bea.gov/scb/pdf/1938/0238cont.pdf,
1938,March,http://bea.gov/scb/pdf/1938/0338cont.pdf,
1938,April,http://bea.gov/scb/pdf/1938/0438cont.pdf,
1938,May,http://bea.gov/scb/pdf/1938/0538cont.pdf,
1938,June,http://bea.gov/scb/pdf/1938/0638cont.pdf,
1938,July,http://bea.gov/scb/pdf/1938/0738cont.pdf,
1938,August,http://bea.gov/scb/pdf/1938/0838cont.pdf,
1938,September,http://bea.gov/scb/pdf/1938/0938cont.pdf,
1938,October,http://bea.gov/scb/pdf/1938/1038cont.pdf,
1938,November,http://bea.gov/scb/pdf/1938/1138cont.pdf,
1938,December,http://bea.gov/scb/pdf/1938/1238cont.pdf,
1939,January,http://bea.gov/scb/pdf/1939/0139cont.pdf,
1939,February,http://bea.gov/scb/pdf/1939/0239cont.pdf,
1939,March,http://bea.gov/scb/pdf/1939/0339cont.pdf,
1939,April,http://bea.gov/scb/pdf/1939/0439cont.pdf,
1939,May,http://bea.gov/scb/pdf/1939/0539cont.pdf,
1939,June,http://bea.gov/scb/pdf/1939/0639cont.pdf,
1939,July,http://bea.gov/scb/pdf/1939/0739cont.pdf,
1939,August,http://bea.gov/scb/pdf/1939/0839cont.pdf,
1939,September,http://bea.gov/scb/pdf/1939/0939cont.pdf,
1939,October,http://bea.gov/scb/pdf/1939/1039cont.pdf,
1939,November,http://bea.gov/scb/pdf/1939/1139cont.pdf,
1939,December,http://bea.gov/scb/pdf/1939/1239cont.pdf,
1940,January,http://bea.gov/scb/pdf/1940/0140cont.pdf,
1940,February,http://bea.gov/scb/pdf/1940/0240cont.pdf,
1940,March,http://bea.gov/scb/pdf/1940/0340cont.pdf,
1940,April,http://bea.gov/scb/pdf/1940/0440cont.pdf,
1940,May,http://bea.gov/scb/pdf/1940/0540cont.pdf,
1940,June,http://bea.gov/scb/pdf/1940/0640cont.pdf,
1940,July,http://bea.gov/scb/pdf/1940/0740cont.pdf,
1940,August,http://bea.gov/scb/pdf/1940/0840cont.pdf,
1940,September,http://bea.gov/scb/pdf/1940/0940cont.pdf,
1940,October,http://bea.gov/scb/pdf/1940/1040cont.pdf,
1940,November,http://bea.gov/scb/pdf/1940/1140cont.pdf,
1940,December,http://bea.gov/scb/pdf/1940/1240cont.pdf,
1941,January,http://bea.gov/scb/pdf/1941/0141cont.pdf,
1941,February,http://bea.gov/scb/pdf/1941/0241cont.pdf,
1941,March,http://bea.gov/scb/pdf/1941/0341cont.pdf,
1941,April,http://bea.gov/scb/pdf/1941/0441cont.pdf,
1941,May,http://bea.gov/scb/pdf/1941/0541cont.pdf,
1941,June,http://bea.gov/scb/pdf/1941/0641cont.pdf,
1941,July,http://bea.gov/scb/pdf/1941/0741cont.pdf,
1941,August,http://bea.gov/scb/pdf/1941/0841cont.pdf,
1941,September,http://bea.gov/scb/pdf/1941/0941cont.pdf,
1941,October,http://bea.gov/scb/pdf/1941/1041cont.pdf,
1941,November,http://bea.gov/scb/pdf/1941/1141cont.pdf,
1941,December,http://bea.gov/scb/pdf/1941/1241cont.pdf,
1942,January,http://bea.gov/scb/pdf/1942/0142cont.pdf,
1942,February,http://bea.gov/scb/pdf/1942/0242cont.pdf,
1942,March,http://bea.gov/scb/pdf/1942/0342cont.pdf,
1942,April,http://bea.gov/scb/pdf/1942/0442cont.pdf,
1942,May,http://bea.gov/scb/pdf/1942/0542cont.pdf,
1942,June,http://bea.gov/scb/pdf/1942/0642cont.pdf,
1942,July,http://bea.gov/scb/pdf/1942/0742cont.pdf,
1942,August,http://bea.gov/scb/pdf/1942/0842cont.pdf,
1942,September,http://bea.gov/scb/pdf/1942/0942cont.pdf,
1942,October,http://bea.gov/scb/pdf/1942/1042cont.pdf,
1942,November,http://bea.gov/scb/pdf/1942/1142cont.pdf,
1942,December,http://bea.gov/scb/pdf/1942/1242cont.pdf,
1943,January,http://bea.gov/scb/pdf/1943/0143cont.pdf,
1943,February,http://bea.gov/scb/pdf/1943/0243cont.pdf,
1943,March,http://bea.gov/scb/pdf/1943/0343cont.pdf,
1943,April,http://bea.gov/scb/pdf/1943/0443cont.pdf,
1943,May,http://bea.gov/scb/pdf/1943/0543cont.pdf,
1943,June,http://bea.gov/scb/pdf/1943/0643cont.pdf,
1943,July,http://bea.gov/scb/pdf/1943/0743cont.pdf,
1943,August,http://bea.gov/scb/pdf/1943/0843cont.pdf,
1943,September,http://bea.gov/scb/pdf/1943/0943cont.pdf,
1943,October,http://bea.gov/scb/pdf/1943/1043cont.pdf,
1943,November,http://bea.gov/scb/pdf/1943/1143cont.pdf,
1943,December,http://bea.gov/scb/pdf/1943/1243cont.pdf,
1944,January,http://bea.gov/scb/pdf/1944/0144cont.pdf,
1944,February,http://bea.gov/scb/pdf/1944/0244cont.pdf,
1944,March,http://bea.gov/scb/pdf/1944/0344cont.pdf,
1944,April,http://bea.gov/scb/pdf/1944/0444cont.pdf,
1944,May,http://bea.gov/scb/pdf/1944/0544cont.pdf,
1944,June,http://bea.gov/scb/pdf/1944/0644cont.pdf,
1944,July,http://bea.gov/scb/pdf/1944/0744cont.pdf,
1944,August,http://bea.gov/scb/pdf/1944/0844cont.pdf,
1944,September,http://bea.gov/scb/pdf/1944/0944cont.pdf,
1944,October,http://bea.gov/scb/pdf/1944/1044cont.pdf,
1944,November,http://bea.gov/scb/pdf/1944/1144cont.pdf,
1944,December,http://bea.gov/scb/pdf/1944/1244cont.pdf,
1945,January,http://bea.gov/scb/pdf/1945/0145cont.pdf,
1945,February,http://bea.gov/scb/pdf/1945/0245cont.pdf,
1945,March,http://bea.gov/scb/pdf/1945/0345cont.pdf,
1945,April,http://bea.gov/scb/pdf/1945/0445cont.pdf,
1945,May,http://bea.gov/scb/pdf/1945/0545cont.pdf,
1945,June,http://bea.gov/scb/pdf/1945/0645cont.pdf,
1945,July,http://bea.gov/scb/pdf/1945/0745cont.pdf,
1945,August,http://bea.gov/scb/pdf/1945/0845cont.pdf,
1945,September,http://bea.gov/scb/pdf/1945/0945cont.pdf,
1945,October,http://bea.gov/scb/pdf/1945/1045cont.pdf,
1945,November,http://bea.gov/scb/pdf/1945/1145cont.pdf,
1945,December,http://bea.gov/scb/pdf/1945/1245cont.pdf,
1946,January,http://bea.gov/scb/pdf/1946/0146cont.pdf,
1946,February,http://bea.gov/scb/pdf/1946/0246cont.pdf,
1946,March,http://bea.gov/scb/pdf/1946/0346cont.pdf,
1946,April,http://bea.gov/scb/pdf/1946/0446cont.pdf,
1946,May,http://bea.gov/scb/pdf/1946/0546cont.pdf,
1946,June,http://bea.gov/scb/pdf/1946/0646cont.pdf,
1946,July,http://bea.gov/scb/pdf/1946/0746cont.pdf,
1946,August,http://bea.gov/scb/pdf/1946/0846cont.pdf,
1946,September,http://bea.gov/scb/pdf/1946/0946cont.pdf,
1946,October,http://bea.gov/scb/pdf/1946/1046cont.pdf,
1946,November,http://bea.gov/scb/pdf/1946/1146cont.pdf,
1946,December,http://bea.gov/scb/pdf/1946/1246cont.pdf,
1947,January,http://bea.gov/scb/pdf/1947/0147cont.pdf,
1947,February,http://bea.gov/scb/pdf/1947/0247cont.pdf,
1947,March,http://bea.gov/scb/pdf/1947/0347cont.pdf,
1947,April,http://bea.gov/scb/pdf/1947/0447cont.pdf,
1947,May,http://bea.gov/scb/pdf/1947/0547cont.pdf,
1947,June,http://bea.gov/scb/pdf/1947/0647cont.pdf,
1947,July,http://bea.gov/scb/pdf/1947/0747cont.pdf,
1947,August,http://bea.gov/scb/pdf/1947/0847cont.pdf,
1947,September,http://bea.gov/scb/pdf/1947/0947cont.pdf,
1947,October,http://bea.gov/scb/pdf/1947/1047cont.pdf,
1947,November,http://bea.gov/scb/pdf/1947/1147cont.pdf,
1947,December,http://bea.gov/scb/pdf/1947/1247cont.pdf,
1948,January,http://bea.gov/scb/pdf/1948/0148cont.pdf,
1948,February,http://bea.gov/scb/pdf/1948/0248cont.pdf,
1948,March,http://bea.gov/scb/pdf/1948/0348cont.pdf,
1948,April,http://bea.gov/scb/pdf/1948/0448cont.pdf,
1948,May,http://bea.gov/scb/pdf/1948/0548cont.pdf,
1948,June,http://bea.gov/scb/pdf/1948/0648cont.pdf,
1948,July,http://bea.gov/scb/pdf/1948/0748cont.pdf,
1948,August,http://bea.gov/scb/pdf/1948/0848cont.pdf,
1948,September,http://bea.gov/scb/pdf/1948/0948cont.pdf,
1948,October,http://bea.gov/scb/pdf/1948/1048cont.pdf,
1948,November,http://bea.gov/scb/pdf/1948/1148cont.pdf,
1948,December,http://bea.gov/scb/pdf/1948/1248cont.pdf,
1949,January,http://bea.gov/scb/pdf/1949/0149cont.pdf,
1949,February,http://bea.gov/scb/pdf/1949/0249cont.pdf,
1949,March,http://bea.gov/scb/pdf/1949/0349cont.pdf,
1949,April,http://bea.gov/scb/pdf/1949/0449cont.pdf,
1949,May,http://bea.gov/scb/pdf/1949/0549cont.pdf,
1949,June,http://bea.gov/scb/pdf/1949/0649cont.pdf,
1949,July,http://bea.gov/scb/pdf/1949/0749cont.pdf,
1949,August,http://bea.gov/scb/pdf/1949/0849cont.pdf,
1949,September,http://bea.gov/scb/pdf/1949/0949cont.pdf,
1949,October,http://bea.gov/scb/pdf/1949/1049cont.pdf,
1949,November,http://bea.gov/scb/pdf/1949/1149cont.pdf,
1949,December,http://bea.gov/scb/pdf/1949/1249cont.pdf,
1950,January,http://bea.gov/scb/pdf/1950/0150cont.pdf,
1950,February,http://bea.gov/scb/pdf/1950/0250cont.pdf,
1950,March,http://bea.gov/scb/pdf/1950/0350cont.pdf,
1950,April,http://bea.gov/scb/pdf/1950/0450cont.pdf,
1950,May,http://bea.gov/scb/pdf/1950/0550cont.pdf,
1950,June,http://bea.gov/scb/pdf/1950/0650cont.pdf,
1950,July,http://bea.gov/scb/pdf/1950/0746cont.pdf,
1950,July,http://bea.gov/scb/pdf/1950/0750cont.pdf,
1950,August,http://bea.gov/scb/pdf/1950/0850cont.pdf,
1950,September,http://bea.gov/scb/pdf/1950/0950cont.pdf,
1950,October,http://bea.gov/scb/pdf/1950/1050cont.pdf,
1950,November,http://bea.gov/scb/pdf/1950/1150cont.pdf,
1950,December,http://bea.gov/scb/pdf/1950/1250cont.pdf,
1951,January,http://bea.gov/scb/pdf/1951/0151cont.pdf,
1951,February,http://bea.gov/scb/pdf/1951/0251cont.pdf,
1951,March,http://bea.gov/scb/pdf/1951/0351cont.pdf,
1951,April,http://bea.gov/scb/pdf/1951/0451cont.pdf,
1951,May,http://bea.gov/scb/pdf/1951/0551cont.pdf,
1951,June,http://bea.gov/scb/pdf/1951/0651cont.pdf,
1951,July,http://bea.gov/scb/pdf/1951/0751cont.pdf,
1951,August,http://bea.gov/scb/pdf/1951/0851cont.pdf,
1951,September,http://bea.gov/scb/pdf/1951/0951cont.pdf,
1951,October,http://bea.gov/scb/pdf/1951/1051cont.pdf,
1951,November,http://bea.gov/scb/pdf/1951/1151cont.pdf,
1951,December,http://bea.gov/scb/pdf/1951/1251cont.pdf,
1952,January,http://bea.gov/scb/pdf/1952/0152cont.pdf,
1952,February,http://bea.gov/scb/pdf/1952/0252cont.pdf,
1952,March,http://bea.gov/scb/pdf/1952/0352cont.pdf,
1952,April,http://bea.gov/scb/pdf/1952/0452cont.pdf,
1952,May,http://bea.gov/scb/pdf/1952/0552cont.pdf,
1952,June,http://bea.gov/scb/pdf/1952/0652cont.pdf,
1952,July,http://bea.gov/scb/pdf/1952/0752cont.pdf,
1952,August,http://bea.gov/scb/pdf/1952/0852cont.pdf,
1952,September,http://bea.gov/scb/pdf/1952/0952cont.pdf,
1952,October,http://bea.gov/scb/pdf/1952/1052cont.pdf,
1952,November,http://bea.gov/scb/pdf/1952/1152cont.pdf,
1952,December,http://bea.gov/scb/pdf/1952/1252cont.pdf,
1953,January,http://bea.gov/scb/pdf/1953/0153cont.pdf,
1953,February,http://bea.gov/scb/pdf/1953/0253cont.pdf,
1953,March,http://bea.gov/scb/pdf/1953/0353cont.pdf,
1953,April,http://bea.gov/scb/pdf/1953/0453cont.pdf,
1953,May,http://bea.gov/scb/pdf/1953/0553cont.pdf,
1953,June,http://bea.gov/scb/pdf/1953/0653cont.pdf,
1953,July,http://bea.gov/scb/pdf/1953/0753cont.pdf,
1953,August,http://bea.gov/scb/pdf/1953/0853cont.pdf,
1953,September,http://bea.gov/scb/pdf/1953/0953cont.pdf,
1953,October,http://bea.gov/scb/pdf/1953/1053cont.pdf,
1953,November,http://bea.gov/scb/pdf/1953/1153cont.pdf,
1953,December,http://bea.gov/scb/pdf/1953/1253cont.pdf,
1954,January,http://bea.gov/scb/pdf/1954/0154cont.pdf,
1954,February,http://bea.gov/scb/pdf/1954/0254cont.pdf,
1954,March,http://bea.gov/scb/pdf/1954/0354cont.pdf,
1954,April,http://bea.gov/scb/pdf/1954/0454cont.pdf,
1954,May,http://bea.gov/scb/pdf/1954/0554cont.pdf,
1954,June,http://bea.gov/scb/pdf/1954/0654cont.pdf,
1954,July,http://bea.gov/scb/pdf/1954/0754cont.pdf,
1954,August,http://bea.gov/scb/pdf/1954/0854cont.pdf,
1954,September,http://bea.gov/scb/pdf/1954/0954cont.pdf,
1954,October,http://bea.gov/scb/pdf/1954/1054cont.pdf,
1954,November,http://bea.gov/scb/pdf/1954/1154cont.pdf,
1954,December,http://bea.gov/scb/pdf/1954/1254cont.pdf,
1955,January,http://bea.gov/scb/pdf/1955/0155cont.pdf,
1955,February,http://bea.gov/scb/pdf/1955/0255cont.pdf,
1955,March,http://bea.gov/scb/pdf/1955/0355cont.pdf,
1955,April,http://bea.gov/scb/pdf/1955/0455cont.pdf,
1955,May,http://bea.gov/scb/pdf/1955/0555cont.pdf,
1955,June,http://bea.gov/scb/pdf/1955/0655cont.pdf,
1955,July,http://bea.gov/scb/pdf/1955/0755cont.pdf,
1955,August,http://bea.gov/scb/pdf/1955/0855cont.pdf,
1955,September,http://bea.gov/scb/pdf/1955/0955cont.pdf,
1955,October,http://bea.gov/scb/pdf/1955/1055cont.pdf,
1955,November,http://bea.gov/scb/pdf/1955/1155cont.pdf,
1955,December,http://bea.gov/scb/pdf/1955/1255cont.pdf,
1956,January,http://bea.gov/scb/pdf/1956/0156cont.pdf,
1956,February,http://bea.gov/scb/pdf/1956/0256cont.pdf,
1956,March,http://bea.gov/scb/pdf/1956/0356cont.pdf,
1956,April,http://bea.gov/scb/pdf/1956/0456cont.pdf,
1956,May,http://bea.gov/scb/pdf/1956/0556cont.pdf,
1956,June,http://bea.gov/scb/pdf/1956/0656cont.pdf,
1956,July,http://bea.gov/scb/pdf/1956/0756cont.pdf,
1956,August,http://bea.gov/scb/pdf/1956/0856cont.pdf,
1956,September,http://bea.gov/scb/pdf/1956/0956cont.pdf,
1956,October,http://bea.gov/scb/pdf/1956/1056cont.pdf,
1956,November,http://bea.gov/scb/pdf/1956/1156cont.pdf,
1956,December,http://bea.gov/scb/pdf/1956/1256cont.pdf,
1957,January,http://bea.gov/scb/pdf/1957/0157cont.pdf,
1957,February,http://bea.gov/scb/pdf/1957/0257cont.pdf,
1957,March,http://bea.gov/scb/pdf/1957/0357cont.pdf,
1957,April,http://bea.gov/scb/pdf/1957/0457cont.pdf,
1957,May,http://bea.gov/scb/pdf/1957/0557cont.pdf,
1957,June,http://bea.gov/scb/pdf/1957/0657cont.pdf,
1957,July,http://bea.gov/scb/pdf/1957/0757cont.pdf,
1957,August,http://bea.gov/scb/pdf/1957/0857cont.pdf,
1957,September,http://bea.gov/scb/pdf/1957/0957cont.pdf,
1957,October,http://bea.gov/scb/pdf/1957/1057cont.pdf,
1957,November,http://bea.gov/scb/pdf/1957/1157cont.pdf,
1957,December,http://bea.gov/scb/pdf/1957/1257cont.pdf,
1958,January,http://bea.gov/scb/pdf/1958/0158cont.pdf,
1958,February,http://bea.gov/scb/pdf/1958/0258cont.pdf,
1958,March,http://bea.gov/scb/pdf/1958/0358cont.pdf,
1958,April,http://bea.gov/scb/pdf/1958/0456cont.pdf,
1958,April,http://bea.gov/scb/pdf/1958/0458cont.pdf,
1958,May,http://bea.gov/scb/pdf/1958/0558cont.pdf,
1958,June,http://bea.gov/scb/pdf/1958/0658cont.pdf,
1958,July,http://bea.gov/scb/pdf/1958/0758cont.pdf,
1958,August,http://bea.gov/scb/pdf/1958/0858cont.pdf,
1958,September,http://bea.gov/scb/pdf/1958/0958cont.pdf,
1958,October,http://bea.gov/scb/pdf/1958/1058cont.pdf,
1958,November,http://bea.gov/scb/pdf/1958/1158cont.pdf,
1958,December,http://bea.gov/scb/pdf/1958/1258cont.pdf,
1959,January,http://bea.gov/scb/pdf/1959/0159cont.pdf,
1959,February,http://bea.gov/scb/pdf/1959/0259cont.pdf,
1959,March,http://bea.gov/scb/pdf/1959/0359cont.pdf,
1959,April,http://bea.gov/scb/pdf/1959/0459cont.pdf,
1959,May,http://bea.gov/scb/pdf/1959/0559cont.pdf,
1959,June,http://bea.gov/scb/pdf/1959/0659cont.pdf,
1959,July,http://bea.gov/scb/pdf/1959/0759cont.pdf,
1959,August,http://bea.gov/scb/pdf/1959/0859cont.pdf,
1959,September,http://bea.gov/scb/pdf/1959/0959cont.pdf,
1959,October,http://bea.gov/scb/pdf/1959/1059cont.pdf,
1959,November,http://bea.gov/scb/pdf/1959/1159cont.pdf,
1959,December,http://bea.gov/scb/pdf/1959/1259cont.pdf,
1960,January,http://bea.gov/scb/pdf/1960/0160cont.pdf,
1960,February,http://bea.gov/scb/pdf/1960/0260cont.pdf,
1960,March,http://bea.gov/scb/pdf/1960/0360cont.pdf,
1960,April,http://bea.gov/scb/pdf/1960/0460cont.pdf,
1960,May,http://bea.gov/scb/pdf/1960/0560cont.pdf,
1960,June,http://bea.gov/scb/pdf/1960/0660cont.pdf,
1960,July,http://bea.gov/scb/pdf/1960/0760cont.pdf,
1960,August,http://bea.gov/scb/pdf/1960/0860cont.pdf,
1960,September,http://bea.gov/scb/pdf/1960/0960cont.pdf,
1960,October,http://bea.gov/scb/pdf/1960/1060cont.pdf,
1960,November,http://bea.gov/scb/pdf/1960/1160cont.pdf,
1960,December,http://bea.gov/scb/pdf/1960/1260cont.pdf,
1961,January,http://bea.gov/scb/pdf/1961/0161cont.pdf,
1961,February,http://bea.gov/scb/pdf/1961/0261cont.pdf,
1961,March,http://bea.gov/scb/pdf/1961/0361cont.pdf,
1961,April,http://bea.gov/scb/pdf/1961/0461cont.pdf,
1961,May,http://bea.gov/scb/pdf/1961/0561cont.pdf,
1961,June,http://bea.gov/scb/pdf/1961/0661cont.pdf,
1961,July,http://bea.gov/scb/pdf/1961/0761cont.pdf,
1961,August,http://bea.gov/scb/pdf/1961/0861cont.pdf,
1961,September,http://bea.gov/scb/pdf/1961/0961cont.pdf,
1961,October,http://bea.gov/scb/pdf/1961/1061cont.pdf,
1961,November,http://bea.gov/scb/pdf/1961/1161cont.pdf,
1961,December,http://bea.gov/scb/pdf/1961/1261cont.pdf,
1962,January,http://bea.gov/scb/pdf/1962/0162cont.pdf,
1962,February,http://bea.gov/scb/pdf/1962/0262cont.pdf,
1962,March,http://bea.gov/scb/pdf/1962/0362cont.pdf,
1962,April,http://bea.gov/scb/pdf/1962/0462cont.pdf,
1962,May,http://bea.gov/scb/pdf/1962/0562cont.pdf,
1962,June,http://bea.gov/scb/pdf/1962/0662cont.pdf,
1962,July,http://bea.gov/scb/pdf/1962/0762cont.pdf,
1962,August,http://bea.gov/scb/pdf/1962/0862cont.pdf,
1962,September,http://bea.gov/scb/pdf/1962/0962cont.pdf,
1962,October,http://bea.gov/scb/pdf/1962/1062cont.pdf,
1962,November,http://bea.gov/scb/pdf/1962/1162cont.pdf,
1962,December,http://bea.gov/scb/pdf/1962/1262cont.pdf,
1963,January,http://bea.gov/scb/pdf/1963/0163cont.pdf,
1963,February,http://bea.gov/scb/pdf/1963/0263cont.pdf,
1963,March,http://bea.gov/scb/pdf/1963/0363cont.pdf,
1963,April,http://bea.gov/scb/pdf/1963/0463cont.pdf,
1963,May,http://bea.gov/scb/pdf/1963/0563cont.pdf,
1963,June,http://bea.gov/scb/pdf/1963/0663cont.pdf,
1963,July,http://bea.gov/scb/pdf/1963/0763cont.pdf,
1963,August,http://bea.gov/scb/pdf/1963/0863cont.pdf,
1963,September,http://bea.gov/scb/pdf/1963/0963cont.pdf,
1963,October,http://bea.gov/scb/pdf/1963/1063cont.pdf,
1963,November,http://bea.gov/scb/pdf/1963/1163cont.pdf,
1963,December,http://bea.gov/scb/pdf/1963/1263cont.pdf,
1964,January,http://bea.gov/scb/pdf/1964/0164cont.pdf,
1964,February,http://bea.gov/scb/pdf/1964/0264cont.pdf,
1964,March,http://bea.gov/scb/pdf/1964/0364cont.pdf,
1964,April,http://bea.gov/scb/pdf/1964/0464cont.pdf,
1964,May,http://bea.gov/scb/pdf/1964/0564cont.pdf,
1964,June,http://bea.gov/scb/pdf/1964/0664cont.pdf,
1964,July,http://bea.gov/scb/pdf/1964/0764cont.pdf,
1964,August,http://bea.gov/scb/pdf/1964/0864cont.pdf,
1964,September,http://bea.gov/scb/pdf/1964/0964cont.pdf,
1964,October,http://bea.gov/scb/pdf/1964/1064cont.pdf,
1964,November,http://bea.gov/scb/pdf/1964/1164cont.pdf,
1964,December,http://bea.gov/scb/pdf/1964/1264cont.pdf,
1965,January,http://bea.gov/scb/pdf/1965/0165cont.pdf,
1965,February,http://bea.gov/scb/pdf/1965/0265cont.pdf,
1965,March,http://bea.gov/scb/pdf/1965/0365cont.pdf,
1965,April,http://bea.gov/scb/pdf/1965/0465cont.pdf,
1965,May,http://bea.gov/scb/pdf/1965/0565cont.pdf,
1965,June,http://bea.gov/scb/pdf/1965/0665cont.pdf,
1965,July,http://bea.gov/scb/pdf/1965/0765cont.pdf,
1965,August,http://bea.gov/scb/pdf/1965/0865cont.pdf,
1965,September,http://bea.gov/scb/pdf/1965/0965cont.pdf,
1965,October,http://bea.gov/scb/pdf/1965/1065cont.pdf,
1965,November,http://bea.gov/scb/pdf/1965/1165cont.pdf,
1965,December,http://bea.gov/scb/pdf/1965/1265cont.pdf,
1966,January,http://bea.gov/scb/pdf/1966/0166cont.pdf,
1966,February,http://bea.gov/scb/pdf/1966/0266cont.pdf,
1966,March,http://bea.gov/scb/pdf/1966/0366cont.pdf,
1966,April,http://bea.gov/scb/pdf/1966/0466cont.pdf,
1966,May,http://bea.gov/scb/pdf/1966/0566cont.pdf,
1966,June,http://bea.gov/scb/pdf/1966/0666cont.pdf,
1966,July,http://bea.gov/scb/pdf/1966/0766cont.pdf,
1966,August,http://bea.gov/scb/pdf/1966/0866cont.pdf,
1966,September,http://bea.gov/scb/pdf/1966/0966cont.pdf,
1966,October,http://bea.gov/scb/pdf/1966/1066cont.pdf,
1966,November,http://bea.gov/scb/pdf/1966/1166cont.pdf,
1966,December,http://bea.gov/scb/pdf/1966/1266cont.pdf,
1967,January,http://bea.gov/scb/pdf/1967/0167cont.pdf,
1967,February,http://bea.gov/scb/pdf/1967/0267cont.pdf,
1967,March,http://bea.gov/scb/pdf/1967/0367cont.pdf,
1967,April,http://bea.gov/scb/pdf/1967/0467cont.pdf,
1967,May,http://bea.gov/scb/pdf/1967/0567cont.pdf,
1967,June,http://bea.gov/scb/pdf/1967/0667cont.pdf,
1967,July,http://bea.gov/scb/pdf/1967/0767cont.pdf,
1967,August,http://bea.gov/scb/pdf/1967/0867cont.pdf,
1967,September,http://bea.gov/scb/pdf/1967/0967cont.pdf,
1967,October,http://bea.gov/scb/pdf/1967/1067cont.pdf,
1967,November,http://bea.gov/scb/pdf/1967/1167cont.pdf,
1967,December,http://bea.gov/scb/pdf/1967/1267cont.pdf,
1968,January,http://bea.gov/scb/pdf/1968/0168cont.pdf,
1968,February,http://bea.gov/scb/pdf/1968/0268cont.pdf,
1968,March,http://bea.gov/scb/pdf/1968/0368cont.pdf,
1968,April,http://bea.gov/scb/pdf/1968/0468cont.pdf,
1968,May,http://bea.gov/scb/pdf/1968/0568cont.pdf,
1968,June,http://bea.gov/scb/pdf/1968/0668cont.pdf,
1968,July,http://bea.gov/scb/pdf/1968/0768cont.pdf,
1968,August,http://bea.gov/scb/pdf/1968/0868cont.pdf,
1968,September,http://bea.gov/scb/pdf/1968/0968cont.pdf,
1968,October,http://bea.gov/scb/pdf/1968/1068cont.pdf,
1968,November,http://bea.gov/scb/pdf/1968/1168cont.pdf,
1968,December,http://bea.gov/scb/pdf/1968/1268cont.pdf,
1969,January,http://bea.gov/scb/pdf/1969/0169cont.pdf,
1969,February,http://bea.gov/scb/pdf/1969/0269cont.pdf,
1969,March,http://bea.gov/scb/pdf/1969/0369cont.pdf,
1969,April,http://bea.gov/scb/pdf/1969/0469cont.pdf,
1969,May,http://bea.gov/scb/pdf/1969/0569cont.pdf,
1969,June,http://bea.gov/scb/pdf/1969/0669cont.pdf,
1969,July,http://bea.gov/scb/pdf/1969/0769cont.pdf,
1969,August,http://bea.gov/scb/pdf/1969/0869cont.pdf,
1969,September,http://bea.gov/scb/pdf/1969/0969cont.pdf,
1969,October,http://bea.gov/scb/pdf/1969/1069cont.pdf,
1969,November,http://bea.gov/scb/pdf/1969/1169cont.pdf,
1969,December,http://bea.gov/scb/pdf/1969/1269cont.pdf,
1970,January,http://bea.gov/scb/pdf/1970/0170cont.pdf,
1970,February,http://bea.gov/scb/pdf/1970/0270cont.pdf,
1970,March,http://bea.gov/scb/pdf/1970/0370cont.pdf,
1970,April,http://bea.gov/scb/pdf/1970/0470cont.pdf,
1970,May,http://bea.gov/scb/pdf/1970/0570cont.pdf,
1970,June,http://bea.gov/scb/pdf/1970/0670cont.pdf,
1970,July,http://bea.gov/scb/pdf/1970/0770cont.pdf,
1970,August,http://bea.gov/scb/pdf/1970/0870cont.pdf,
1970,September,http://bea.gov/scb/pdf/1970/0970cont.pdf,
1970,October,http://bea.gov/scb/pdf/1970/1070cont.pdf,
1970,November,http://bea.gov/scb/pdf/1970/1170cont.pdf,
1970,December,http://bea.gov/scb/pdf/1970/1270cont.pdf,
1971,January,http://bea.gov/scb/pdf/1971/0171cont.pdf,
1971,February,http://bea.gov/scb/pdf/1971/0271cont.pdf,
1971,March,http://bea.gov/scb/pdf/1971/0371cont.pdf,
1971,April,http://bea.gov/scb/pdf/1971/0471cont.pdf,
1971,May,http://bea.gov/scb/pdf/1971/0571cont.pdf,
1971,June,http://bea.gov/scb/pdf/1971/0671cont.pdf,
1971,July,http://bea.gov/scb/pdf/1971/0771cont.pdf,
1971,August,http://bea.gov/scb/pdf/1971/0871cont.pdf,
1971,September,http://bea.gov/scb/pdf/1971/0971cont.pdf,
1971,October,http://bea.gov/scb/pdf/1971/1071cont.pdf,
1971,November,http://bea.gov/scb/pdf/1971/1171cont.pdf,
1971,December,http://bea.gov/scb/pdf/1971/1271cont.pdf,
1972,January,http://bea.gov/scb/pdf/1972/0172cont.pdf,
1972,February,http://bea.gov/scb/pdf/1972/0272cont.pdf,
1972,March,http://bea.gov/scb/pdf/1972/0372cont.pdf,
1972,April,http://bea.gov/scb/pdf/1972/0472cont.pdf,
1972,May,http://bea.gov/scb/pdf/1972/0572cont.pdf,
1972,June,http://bea.gov/scb/pdf/1972/0672cont.pdf,
1972,July,http://bea.gov/scb/pdf/1972/0772cont.pdf,
1972,August,http://bea.gov/scb/pdf/1972/0872cont.pdf,
1972,September,http://bea.gov/scb/pdf/1972/0972cont.pdf,
1972,October,http://bea.gov/scb/pdf/1972/1072cont.pdf,
1972,November,http://bea.gov/scb/pdf/1972/1172cont.pdf,
1972,December,http://bea.gov/scb/pdf/1972/1272cont.pdf,
1973,January,http://bea.gov/scb/pdf/1973/0173cont.pdf,
1973,February,http://bea.gov/scb/pdf/1973/0273cont.pdf,
1973,March,http://bea.gov/scb/pdf/1973/0373cont.pdf,
1973,April,http://bea.gov/scb/pdf/1973/0473cont.pdf,
1973,May,http://bea.gov/scb/pdf/1973/0573cont.pdf,
1973,June,http://bea.gov/scb/pdf/1973/0673cont.pdf,
1973,July,http://bea.gov/scb/pdf/1973/0773cont.pdf,
1973,August,http://bea.gov/scb/pdf/1973/0873cont.pdf,
1973,September,http://bea.gov/scb/pdf/1973/0973cont.pdf,
1973,October,http://bea.gov/scb/pdf/1973/1073cont.pdf,
1973,November,http://bea.gov/scb/pdf/1973/1173cont.pdf,
1973,December,http://bea.gov/scb/pdf/1973/1273cont.pdf,
1974,January,http://bea.gov/scb/pdf/1974/0174cont.pdf,
1974,February,http://bea.gov/scb/pdf/1974/0274cont.pdf,
1974,March,http://bea.gov/scb/pdf/1974/0374cont.pdf,
1974,April,http://bea.gov/scb/pdf/1974/0474cont.pdf,
1974,May,http://bea.gov/scb/pdf/1974/0574cont.pdf,
1974,June,http://bea.gov/scb/pdf/1974/0674cont.pdf,
1974,July,http://bea.gov/scb/pdf/1974/0774cont.pdf,
1974,August,http://bea.gov/scb/pdf/1974/0874cont.pdf,
1974,September,http://bea.gov/scb/pdf/1974/0974cont.pdf,
1974,October,http://bea.gov/scb/pdf/1974/1074cont.pdf,
1974,November,http://bea.gov/scb/pdf/1974/1174cont.pdf,
1974,December,http://bea.gov/scb/pdf/1974/1274cont.pdf,
1975,January,http://bea.gov/scb/pdf/1975/0175cont.pdf,
1975,February,http://bea.gov/scb/pdf/1975/0275cont.pdf,
1975,March,http://bea.gov/scb/pdf/1975/0375cont.pdf,
1975,April,http://bea.gov/scb/pdf/1975/0475cont.pdf,
1975,May,http://bea.gov/scb/pdf/1975/0575cont.pdf,
1975,June,http://bea.gov/scb/pdf/1975/0675cont.pdf,
1975,July,http://bea.gov/scb/pdf/1975/0775cont.pdf,
1975,August,http://bea.gov/scb/pdf/1975/0875cont.pdf,
1975,September,http://bea.gov/scb/pdf/1975/0975cont.pdf,
1975,October,http://bea.gov/scb/pdf/1975/1075cont.pdf,
1975,November,http://bea.gov/scb/pdf/1975/1175cont.pdf,
1975,December,http://bea.gov/scb/pdf/1975/1275cont.pdf,
1976,January,http://bea.gov/scb/pdf/1976/0176cont.pdf,Two Part Issue
1976,January,http://bea.gov/scb/pdf/1976/0176cont2.pdf,Two Part Issue
1976,February,http://bea.gov/scb/pdf/1976/0276cont.pdf,
1976,March,http://bea.gov/scb/pdf/1976/0376cont.pdf,
1976,April,http://bea.gov/scb/pdf/1976/0476cont.pdf,
1976,May,http://bea.gov/scb/pdf/1976/0576cont.pdf,
1976,June,http://bea.gov/scb/pdf/1976/0676cont.pdf,
1976,July,http://bea.gov/scb/pdf/1976/0776cont.pdf,
1976,August,http://bea.gov/scb/pdf/1976/0876cont.pdf,
1976,September,http://bea.gov/scb/pdf/1976/0976cont.pdf,
1976,October,http://bea.gov/scb/pdf/1976/1076cont.pdf,
1976,November,http://bea.gov/scb/pdf/1976/1176cont.pdf,
1976,December,http://bea.gov/scb/pdf/1976/1276cont.pdf,
1977,January,http://bea.gov/scb/pdf/1977/0177cont.pdf,
1977,February,http://bea.gov/scb/pdf/1977/0277cont.pdf,
1977,March,http://bea.gov/scb/pdf/1977/0377cont.pdf,
1977,April,http://bea.gov/scb/pdf/1977/0477cont.pdf,
1977,May,http://bea.gov/scb/pdf/1977/0577cont.pdf,
1977,June,http://bea.gov/scb/pdf/1977/0677cont.pdf,
1977,July,http://bea.gov/scb/pdf/1977/0777cont.pdf,
1977,August,http://bea.gov/scb/pdf/1977/0877cont.pdf,
1977,September,http://bea.gov/scb/pdf/1977/0977cont.pdf,
1977,October,http://bea.gov/scb/pdf/1977/1077cont.pdf,
1977,November,http://bea.gov/scb/pdf/1977/1177cont.pdf,
1977,December,http://bea.gov/scb/pdf/1977/1277cont.pdf,
1978,January,http://bea.gov/scb/pdf/1978/0178cont.pdf,
1978,February,http://bea.gov/scb/pdf/1978/0278cont.pdf,
1978,March,http://bea.gov/scb/pdf/1978/0378cont.pdf,
1978,April,http://bea.gov/scb/pdf/1978/0478cont.pdf,
1978,May,http://bea.gov/scb/pdf/1978/0578cont.pdf,
1978,June,http://bea.gov/scb/pdf/1978/0678cont.pdf,
1978,July,http://bea.gov/scb/pdf/1978/0778cont.pdf,
1978,August,http://bea.gov/scb/pdf/1978/0878cont.pdf,
1978,September,http://bea.gov/scb/pdf/1978/0978cont.pdf,
1978,October,http://bea.gov/scb/pdf/1978/1078cont.pdf,
1978,November,http://bea.gov/scb/pdf/1978/1178cont.pdf,
1978,December,http://bea.gov/scb/pdf/1978/1278cont.pdf,
1979,January,http://bea.gov/scb/pdf/1979/0179cont.pdf,
1979,February,http://bea.gov/scb/pdf/1979/0279cont.pdf,
1979,March,http://bea.gov/scb/pdf/1979/0379cont.pdf,
1979,April,http://bea.gov/scb/pdf/1979/0479cont.pdf,
1979,May,http://bea.gov/scb/pdf/1979/0579cont.pdf,
1979,June,http://bea.gov/scb/pdf/1979/0679cont.pdf,
1979,July,http://bea.gov/scb/pdf/1979/0779cont.pdf,
1979,August,http://bea.gov/scb/pdf/1979/0879cont.pdf,
1979,September,http://bea.gov/scb/pdf/1979/0979cont.pdf,
1979,October,http://bea.gov/scb/pdf/1979/1079cont.pdf,
1979,November,http://bea.gov/scb/pdf/1979/1179cont.pdf,
1979,December,http://bea.gov/scb/pdf/1979/1279cont.pdf,
1980,January,http://bea.gov/scb/pdf/1980/0180cont.pdf,
1980,February,http://bea.gov/scb/pdf/1980/0280cont.pdf,
1980,March,http://bea.gov/scb/pdf/1980/0380cont.pdf,
1980,April,http://bea.gov/scb/pdf/1980/0480cont.pdf,
1980,May,http://bea.gov/scb/pdf/1980/0580cont.pdf,
1980,June,http://bea.gov/scb/pdf/1980/0680cont.pdf,
1980,July,http://bea.gov/scb/pdf/1980/0780cont.pdf,
1980,August,http://bea.gov/scb/pdf/1980/0880cont.pdf,
1980,September,http://bea.gov/scb/pdf/1980/0980cont.pdf,
1980,October,http://bea.gov/scb/pdf/1980/1080cont.pdf,
1980,November,http://bea.gov/scb/pdf/1980/1180cont.pdf,
1980,December,http://bea.gov/scb/pdf/1980/1280cont.pdf,
1981,January,http://bea.gov/scb/pdf/1981/0181cont.pdf,
1981,February,http://bea.gov/scb/pdf/1981/0281cont.pdf,
1981,March,http://bea.gov/scb/pdf/1981/0381cont.pdf,
1981,April,http://bea.gov/scb/pdf/1981/0481cont.pdf,
1981,May,http://bea.gov/scb/pdf/1981/0581cont.pdf,
1981,June,http://bea.gov/scb/pdf/1981/0681cont.pdf,
1981,July,http://bea.gov/scb/pdf/1981/0781cont.pdf,
1981,August,http://bea.gov/scb/pdf/1981/0881cont.pdf,
1981,September,http://bea.gov/scb/pdf/1981/0981cont.pdf,
1981,October,http://bea.gov/scb/pdf/1981/1081cont.pdf,
1981,November,http://bea.gov/scb/pdf/1981/1181cont.pdf,
1981,December,http://bea.gov/scb/pdf/1981/1281cont.pdf,
1982,January,http://bea.gov/scb/pdf/1982/0182cont.pdf,
1982,February,http://bea.gov/scb/pdf/1982/0282cont.pdf,
1982,March,http://bea.gov/scb/pdf/1982/0382cont.pdf,
1982,April,http://bea.gov/scb/pdf/1982/0482cont.pdf,
1982,May,http://bea.gov/scb/pdf/1982/0582cont.pdf,
1982,June,http://bea.gov/scb/pdf/1982/0682cont.pdf,
1982,July,http://bea.gov/scb/pdf/1982/0782cont.pdf,
1982,August,http://bea.gov/scb/pdf/1982/0882cont.pdf,
1982,September,http://bea.gov/scb/pdf/1982/0982cont.pdf,
1982,October,http://bea.gov/scb/pdf/1982/1082cont.pdf,
1982,November,http://bea.gov/scb/pdf/1982/1182cont.pdf,
1982,December,http://bea.gov/scb/pdf/1982/1282cont.pdf,
1983,January,http://bea.gov/scb/pdf/1983/0183cont.pdf,
1983,February,http://bea.gov/scb/pdf/1983/0283cont.pdf,
1983,March,http://bea.gov/scb/pdf/1983/0383cont.pdf,
1983,April,http://bea.gov/scb/pdf/1983/0483cont.pdf,
1983,May,http://bea.gov/scb/pdf/1983/0583cont.pdf,
1983,June,http://bea.gov/scb/pdf/1983/0683cont.pdf,
1983,July,http://bea.gov/scb/pdf/1983/0783cont.pdf,
1983,August,http://bea.gov/scb/pdf/1983/0883cont.pdf,
1983,September,http://bea.gov/scb/pdf/1983/0983cont.pdf,
1983,October,http://bea.gov/scb/pdf/1983/1083cont.pdf,
1983,November,http://bea.gov/scb/pdf/1983/1183cont.pdf,
1983,December,http://bea.gov/scb/pdf/1983/1283cont.pdf,
1984,January,http://bea.gov/scb/pdf/1984/0184cont.pdf,
1984,February,http://bea.gov/scb/pdf/1984/0284cont.pdf,
1984,March,http://bea.gov/scb/pdf/1984/0384cont.pdf,
1984,April,http://bea.gov/scb/pdf/1984/0484cont.pdf,
1984,May,http://bea.gov/scb/pdf/1984/0584cont.pdf,
1984,June,http://bea.gov/scb/pdf/1984/0684cont.pdf,
1984,July,http://bea.gov/scb/pdf/1984/0784cont.pdf,
1984,August,http://bea.gov/scb/pdf/1984/0884cont.pdf,
1984,September,http://bea.gov/scb/pdf/1984/0984cont.pdf,
1984,October,http://bea.gov/scb/pdf/1984/1084cont.pdf,
1984,November,http://bea.gov/scb/pdf/1984/1184cont.pdf,
1984,December,http://bea.gov/scb/pdf/1984/1284cont.pdf,
1985,January,http://bea.gov/scb/pdf/1985/0185cont.pdf,
1985,February,http://bea.gov/scb/pdf/1985/0285cont.pdf,
1985,March,http://bea.gov/scb/pdf/1985/0385cont.pdf,
1985,April,http://bea.gov/scb/pdf/1985/0485cont.pdf,
1985,May,http://bea.gov/scb/pdf/1985/0585cont.pdf,
1985,June,http://bea.gov/scb/pdf/1985/0685cont.pdf,
1985,July,http://bea.gov/scb/pdf/1985/0785cont.pdf,
1985,August,http://bea.gov/scb/pdf/1985/0885cont.pdf,
1985,September,http://bea.gov/scb/pdf/1985/0985cont.pdf,
1985,October,http://bea.gov/scb/pdf/1985/1085cont.pdf,
1985,November,http://bea.gov/scb/pdf/1985/1185cont.pdf,
1985,December,http://bea.gov/scb/pdf/1985/1285cont.pdf,
1986,January,http://bea.gov/scb/pdf/1986/0186cont.pdf,
1986,February,http://bea.gov/scb/pdf/1986/0286cont.pdf,
1986,March,http://bea.gov/scb/pdf/1986/0386cont.pdf,
1986,April,http://bea.gov/scb/pdf/1986/0486cont.pdf,
1986,May,http://bea.gov/scb/pdf/1986/0586cont.pdf,
1986,June,http://bea.gov/scb/pdf/1986/0686cont.pdf,
1986,July,http://bea.gov/scb/pdf/1986/0786cont.pdf,
1986,August,http://bea.gov/scb/pdf/1986/0886cont.pdf,
1986,September,http://bea.gov/scb/pdf/1986/0986cont.pdf,
1986,October,http://bea.gov/scb/pdf/1986/1086cont.pdf,
1986,November,http://bea.gov/scb/pdf/1986/1186cont.pdf,
1986,December,http://bea.gov/scb/pdf/1986/1286cont.pdf,
1987,January,http://bea.gov/scb/pdf/1987/0187cont.pdf,
1987,February,http://bea.gov/scb/pdf/1987/0287cont.pdf,
1987,March,http://bea.gov/scb/pdf/1987/0387cont.pdf,
1987,April,http://bea.gov/scb/pdf/1987/0487cont.pdf,
1987,May,http://bea.gov/scb/pdf/1987/0587cont.pdf,
1987,June,http://bea.gov/scb/pdf/1987/0687cont.pdf,
1987,July,http://bea.gov/scb/pdf/1987/0787cont.pdf,
1987,August,http://bea.gov/scb/pdf/1987/0887cont.pdf,
1987,September,http://bea.gov/scb/pdf/1987/0987cont.pdf,
1987,October,http://bea.gov/scb/pdf/1987/1087cont.pdf,
1987,November,http://bea.gov/scb/pdf/1987/1187cont.pdf,
1987,December,http://bea.gov/scb/pdf/1987/1287cont.pdf,
1988,January,http://bea.gov/scb/pdf/1988/0188cont.pdf,
1988,February,http://bea.gov/scb/pdf/1988/0288cont.pdf,
1988,March,http://bea.gov/scb/pdf/1988/0388cont.pdf,
1988,April,http://bea.gov/scb/pdf/1988/0488cont.pdf,
1988,May,http://bea.gov/scb/pdf/1988/0588cont.pdf,
1988,June,http://bea.gov/scb/pdf/1988/0688cont.pdf,
1988,July,http://bea.gov/scb/pdf/1988/0788cont.pdf,
1988,August,http://bea.gov/scb/pdf/1988/0888cont.pdf,
1988,September,http://bea.gov/scb/pdf/1988/0988cont.pdf,
1988,October,http://bea.gov/scb/pdf/1988/1088cont.pdf,
1988,November,http://bea.gov/scb/pdf/1988/1188cont.pdf,
1988,December,http://bea.gov/scb/pdf/1988/1288cont.pdf,
1989,January,http://bea.gov/scb/pdf/1989/0189cont.pdf,
1989,February,http://bea.gov/scb/pdf/1989/0289cont.pdf,
1989,March,http://bea.gov/scb/pdf/1989/0389cont.pdf,
1989,April,http://bea.gov/scb/pdf/1989/0489cont.pdf,
1989,May,http://bea.gov/scb/pdf/1989/0589cont.pdf,
1989,June,http://bea.gov/scb/pdf/1989/0689cont.pdf,
1989,July,http://bea.gov/scb/pdf/1989/0789cont.pdf,
1989,August,http://bea.gov/scb/pdf/1989/0889cont.pdf,
1989,September,http://bea.gov/scb/pdf/1989/0989cont.pdf,
1989,October,http://bea.gov/scb/pdf/1989/1089cont.pdf,
1989,November,http://bea.gov/scb/pdf/1989/1189cont.pdf,
1989,December,http://bea.gov/scb/pdf/1989/1289cont.pdf,
1990,January,http://bea.gov/scb/pdf/1990/0190cont.pdf,
1990,February,http://bea.gov/scb/pdf/1990/0290cont.pdf,
1990,March,http://bea.gov/scb/pdf/1990/0390cont.pdf,
1990,April,http://bea.gov/scb/pdf/1990/0490cont.pdf,
1990,May,http://bea.gov/scb/pdf/1990/0590cont.pdf,
1990,June,http://bea.gov/scb/pdf/1990/0690cont.pdf,
1990,July,http://bea.gov/scb/pdf/1990/0790cont.pdf,
1990,August,http://bea.gov/scb/pdf/1990/0890cont.pdf,
1990,September,http://bea.gov/scb/pdf/1990/0990cont.pdf,
1990,October,http://bea.gov/scb/pdf/1990/1090cont.pdf,
1990,November,http://bea.gov/scb/pdf/1990/1190cont.pdf,
1990,December,http://bea.gov/scb/pdf/1990/1290cont.pdf,
1991,January,http://bea.gov/scb/pdf/1991/0191cont.pdf,
1991,February,http://bea.gov/scb/pdf/1991/0291cont.pdf,
1991,March,http://bea.gov/scb/pdf/1991/0391cont.pdf,
1991,April,http://bea.gov/scb/pdf/1991/0491cont.pdf,
1991,May,http://bea.gov/scb/pdf/1991/0591cont.pdf,
1991,June,http://bea.gov/scb/pdf/1991/0691cont.pdf,
1991,July,http://bea.gov/scb/pdf/1991/0791cont.pdf,
1991,August,http://bea.gov/scb/pdf/1991/0891cont.pdf,
1991,September,http://bea.gov/scb/pdf/1991/0991cont.pdf,
1991,October,http://bea.gov/scb/pdf/1991/1091cont.pdf,
1991,November,http://bea.gov/scb/pdf/1991/1191cont.pdf,
1991,December,http://bea.gov/scb/pdf/1991/1291cont.pdf,
1992,January,http://bea.gov/scb/pdf/1992/0192cont.pdf,
1992,February,http://bea.gov/scb/pdf/1992/0292cont.pdf,
1992,March,http://bea.gov/scb/pdf/1992/0392cont.pdf,
1992,April,http://bea.gov/scb/pdf/1992/0492cont.pdf,
1992,May,http://bea.gov/scb/pdf/1992/0592cont.pdf,
1992,June,http://bea.gov/scb/pdf/1992/0692cont.pdf,
1992,July,http://bea.gov/scb/pdf/1992/0792cont.pdf,
1992,August,http://bea.gov/scb/pdf/1992/0892cont.pdf,
1992,September,http://bea.gov/scb/pdf/1992/0992cont.pdf,
1992,October,http://bea.gov/scb/pdf/1992/1092cont.pdf,
1992,November,http://bea.gov/scb/pdf/1992/1192cont.pdf,
1992,December,http://bea.gov/scb/pdf/1992/1292cont.pdf,
1993,January,http://bea.gov/scb/pdf/1993/0193cont.pdf,
1993,February,http://bea.gov/scb/pdf/1993/0293cont.pdf,
1993,March,http://bea.gov/scb/pdf/1993/0393cont.pdf,
1993,April,http://bea.gov/scb/pdf/1993/0493cont.pdf,
1993,May,http://bea.gov/scb/pdf/1993/0593cont.pdf,
1993,June,http://bea.gov/scb/pdf/1993/0693cont.pdf,
1993,July,http://bea.gov/scb/pdf/1993/0793cont.pdf,
1993,August,http://bea.gov/scb/pdf/1993/0893cont.pdf,
1993,September,http://bea.gov/scb/pdf/1993/0993cont.pdf,
1993,October,http://bea.gov/scb/pdf/1993/1093cont.pdf,
1993,November,http://bea.gov/scb/pdf/1993/1193cont.pdf,
1993,December,http://bea.gov/scb/pdf/1993/1293cont.pdf,
